{
  "_generated": "Generated by SweetTooth, do not edit",
  "description": "Full customization of appearance, behavior, system tray and input source indicator for IBus\n\nSupport Customization of:\n* Candidate Box Orientation\n* Candidate Box Animation\n* Right-click Candidate Box to Switch the Input Mode or Open the Tray Menu\n* Scroll on Candidate Box to Switch among Pages or Candidates\n* Fix Candidate Box to Not Follow the Caret and Set Fixed Position\n* Candidate Box Font\n* Input Mode Remember and Auto-switch by APP\n* Change Candidate Box Opacity\n* Fix IME List Order\n* Drag Candidate Box to Reposition\n* Show or Hide Candidate Box Page Buttons\n* System Tray Menus and Interaction Settings\n* * Show or Hide Tray Icon\n* * Directly Click Tray Icon to Switch Input Mode\n* * Add Additional Menu\n* Input Source Indicator Appearance and Interaction Settings\n* * Enable Indicator\n* * Only Indicate when Switching Input Mode\n* * Only Indicate when Using ASCII Input Mode\n* * Not Indicate when Using Single Mode IME\n* * Right-click Indicator to Hide\n* * Scroll on Indicator to Switch Input Mode\n* * Indicator Animation\n* * Customize Font\n* * Left-click Indicator to Drag to Move Indicator or Switch Input Mode\n* * Change Opacity\n* * Enable Indicator Show Delay and Configure Showing Timeout\n* * Enable Auto-hide Indicator and Configure Auto-hide Timeout\n* Theme (Stylesheet Provided or Extracted from GNOME Shell Themes, Refer to Help Instructions in Extension for More)\n* Candidate Box Background and its Displaying Style\n* Theme and Background Picture Follow GNOME Night Light Mode\n\nUser Guide: https://hollowmansblog.wordpress.com/2021/08/21/customize-ibus-user-guide/\n\n\u6df1\u5ea6\u5b9a\u5236 IBus \u7684\u5916\u89c2\u3001\u884c\u4e3a\u3001\u7cfb\u7edf\u6258\u76d8\u4ee5\u53ca\u8f93\u5165\u6307\u793a\n\n\u652f\u6301\u81ea\u5b9a\u4e49\uff1a\n* \u5019\u9009\u6846\u65b9\u5411\n* \u5019\u9009\u6846\u52a8\u753b\n* \u53f3\u952e\u5355\u51fb\u5019\u9009\u6846\u4ee5\u5207\u6362\u8f93\u5165\u6e90\u6216\u6253\u5f00\u4efb\u52a1\u680f\u83dc\u5355\n* \u5019\u9009\u6846\u4e0a\u6eda\u52a8\u4ee5\u5207\u6362\u9875\u9762\u6216\u5019\u9009\u8bcd\n* \u56fa\u5b9a\u5019\u9009\u6846\u4f7f\u5176\u4e0d\u8ddf\u968f\u5149\u6807\u4ee5\u53ca\u8bbe\u5b9a\u56fa\u5b9a\u4f4d\u7f6e\n* \u5019\u9009\u6846\u5b57\u4f53\n* \u8f93\u5165\u6a21\u5f0f\u6839\u636e\u5e94\u7528\u8bb0\u5fc6\u5e76\u81ea\u52a8\u5207\u6362\n* \u66f4\u6539\u5019\u9009\u6846\u900f\u660e\u5ea6\n* \u56fa\u5b9a\u8f93\u5165\u6cd5\u5217\u8868\u987a\u5e8f\n* \u62d6\u62fd\u79fb\u52a8\u5019\u9009\u6846\n* \u663e\u793a\u6216\u9690\u85cf\u5019\u9009\u6846\u8c03\u9875\u6309\u94ae\n* \u7cfb\u7edf\u4efb\u52a1\u680f\u6258\u76d8\u663e\u793a\u548c\u4ea4\u4e92\u8bbe\u7f6e\n* * \u663e\u793a\u6216\u9690\u85cf\u6258\u76d8\u56fe\u6807\n* * \u76f4\u63a5\u70b9\u51fb\u6258\u76d8\u56fe\u6807\u5207\u6362\u8f93\u5165\u6e90\n* * \u6dfb\u52a0\u989d\u5916\u83dc\u5355\n* \u8f93\u5165\u6e90\u6307\u793a\u5668\u53ca\u5176\u663e\u793a\u548c\u4ea4\u4e92\u8bbe\u7f6e\n* * \u542f\u7528\u6307\u793a\u5668\n* * \u4ec5\u5728\u5207\u6362\u8f93\u5165\u6cd5\u65f6\u6307\u793a\n* * \u4ec5\u5728\u82f1\u6587\u8f93\u5165\u65f6\u6307\u793a\n* * \u4f7f\u7528\u5355\u6a21\u5f0f\u8f93\u5165\u6cd5\u65f6\u4e0d\u6307\u793a\n* * \u53f3\u51fb\u6307\u793a\u5668\u6765\u5c06\u5176\u9690\u85cf\n* * \u6307\u793a\u5668\u4e0a\u6eda\u52a8\u6765\u5207\u6362\u8f93\u5165\u6e90\n* * \u6307\u793a\u5668\u663e\u793a\u52a8\u753b\n* * \u81ea\u5b9a\u4e49\u5b57\u4f53\n* * \u5de6\u51fb\u6307\u793a\u5668\u4ee5\u62d6\u62fd\u79fb\u52a8\u6216\u8005\u5207\u6362\u8f93\u5165\u6e90\n* * \u66f4\u6539\u900f\u660e\u5ea6\n* * \u542f\u7528\u5ef6\u65f6\u663e\u793a\u4ee5\u53ca\u914d\u7f6e\u663e\u793a\u65f6\u5ef6\n* * \u542f\u7528\u81ea\u52a8\u9690\u85cf\u4ee5\u53ca\u914d\u7f6e\u81ea\u52a8\u9690\u85cf\u65f6\u5ef6\n* \u76ae\u80a4\u6837\u5f0f\u4e3b\u9898\uff08\u63d0\u4f9b\u7684\u6216\u8005\u4eceGNOME Shell\u4e3b\u9898\u4e2d\u63d0\u53d6\u7684\u6837\u5f0f\u8868\uff0c\u53c2\u89c1\u6269\u5c55\u7684\u5e2e\u52a9\u90e8\u5206\u6765\u83b7\u53d6\u66f4\u591a\u6307\u5bfc\uff09\n* \u5019\u9009\u6846\u80cc\u666f\u56fe\u7247\u53ca\u5176\u663e\u793a\u6837\u5f0f\n* \u4e3b\u9898\u548c\u80cc\u666f\u56fe\u7247\u8ddf\u968fGNOME\u591c\u706f\n\n\u4f7f\u7528\u6307\u5357\uff1ahttps://blog.csdn.net/qq_18572023/article/details/116331601",
  "donations": {
    "github": "HollowMan6"
  },
  "extension-id": "customize-ibus",
  "gettext-domain": "customize-ibus",
  "name": "Customize IBus",
  "original-authors": [
    "hollowman@opensuse.org"
  ],
  "settings-schema": "org.gnome.shell.extensions.customize-ibus",
  "shell-version": [
    "48"
  ],
  "url": "https://github.com/openSUSE/Customize-IBus",
  "uuid": "customize-ibus@hollowman.ml",
  "version": 91
}