<?xml version="1.0" encoding="UTF-8"?>
<schemalist gettext-domain="gnome-shell-extension-openweatherrefined">
  <enum id="org.gnome.shell.extensions.openweatherrefined.weather-provider">
    <value value="0" nick="default" />
    <value value="1" nick="openweathermap" />
    <value value="2" nick="weatherapicom" />
    <value value="3" nick="visualcrossing" />
  </enum>
  <enum id="org.gnome.shell.extensions.openweatherrefined.geolocation-provider">
    <value value="0" nick="openstreetmaps"/>
    <!-- Geocode.farm (1) is deprecated and will be changed to OSM (0) -->
    <value value="1" nick="geocode"/>
    <value value="2" nick="mapquest"/>
  </enum>
  <enum id="org.gnome.shell.extensions.openweatherrefined.unit">
    <value value="0" nick="celsius"/>
    <value value="1" nick="fahrenheit"/>
    <value value="2" nick="kelvin"/>
    <value value="3" nick="rankine"/>
    <value value="4" nick="reaumur"/>
    <value value="5" nick="roemer"/>
    <value value="6" nick="delisle"/>
    <value value="7" nick="newton"/>
  </enum>
  <enum id="org.gnome.shell.extensions.openweatherrefined.pressure-unit">
    <value value="0" nick="hPa"/>
    <value value="1" nick="inHg"/>
    <value value="2" nick="bar"/>
    <value value="3" nick="Pa"/>
    <value value="4" nick="kPa"/>
    <value value="5" nick="atm"/>
    <value value="6" nick="at"/>
    <value value="7" nick="Torr"/>
    <value value="8" nick="psi"/>
    <value value="9" nick="mmHg"/>
    <value value="10" nick="mbar"/>
  </enum>
  <enum id="org.gnome.shell.extensions.openweatherrefined.wind-speed-unit">
    <value value="0" nick="kph"/>
    <value value="1" nick="mph"/>
    <value value="2" nick="m/s"/>
    <value value="3" nick="knots"/>
    <value value="4" nick="ft/s"/>
    <value value="5" nick="Beaufort"/>
  </enum>
  <enum id="org.gnome.shell.extensions.openweatherrefined.position">
    <value value="0" nick="center"/>
    <value value="1" nick="right"/>
    <value value="2" nick="left"/>
  </enum>
  <enum id="org.gnome.shell.extensions.openweatherrefined.clock-format">
    <value value="0" nick="24h" />
    <value value="1" nick="12h" />
    <value value="2" nick="system" />
  </enum>
  <enum id="org.gnome.shell.extensions.openweatherrefined.hi-contrast">
    <value value="0" nick="none"></value>
    <value value="1" nick="white"></value>
    <value value="2" nick="black"></value>
  </enum>
  <enum id="org.gnome.shell.extensions.openweatherrefined.my-loc-prov">
    <value value="0" nick="geoclue"></value>
    <value value="1" nick="ipinfoio"></value>
  </enum>
  <schema path="/org/gnome/shell/extensions/openweatherrefined/" id="org.gnome.shell.extensions.openweatherrefined">
    <key name="weather-provider" enum="org.gnome.shell.extensions.openweatherrefined.weather-provider">
      <default>'default'</default>
      <summary>Weather Provider</summary>
    </key>
    <key name="geolocation-provider" enum="org.gnome.shell.extensions.openweatherrefined.geolocation-provider">
      <default>'openstreetmaps'</default>
      <summary>Geolocation Provider</summary>
    </key>
    <key name="unit" enum="org.gnome.shell.extensions.openweatherrefined.unit">
      <default>'celsius'</default>
      <summary>Temperature Unit</summary>
    </key>
    <key name="pressure-unit" enum="org.gnome.shell.extensions.openweatherrefined.pressure-unit">
      <default>'kPa'</default>
      <summary>Pressure Unit</summary>
    </key>
    <key name="wind-speed-unit" enum="org.gnome.shell.extensions.openweatherrefined.wind-speed-unit">
      <default>'kph'</default>
      <summary>Wind Speed Units</summary>
      <description>Choose the units used for wind speed. Allowed values are 'kph', 'mph', 'm/s', 'knots', 'ft/s' or 'Beaufort'.</description>
    </key>
    <key type="b" name="wind-direction">
      <default>false</default>
      <summary>Wind Direction by Arrows</summary>
      <description>True to display wind direction through arrows rather than letters.</description>
    </key>
    <!-- 'city' no longer in use, will be migrated to 'locs' -->
    <key type="s" name="city">
      <default>''</default>
      <summary>DEPRECATED, City to be displayed</summary>
    </key>
    <key type="i" name="actual-city">
      <default>0</default>
      <summary>Index of the city to display by default.</summary>
    </key>
    <key type="b" name="translate-condition">
      <default>true</default>
      <summary>Translate Conditions</summary>
    </key>
    <key type="b" name="owm-api-translate">
      <default>false</default>
      <summary>Provider multilingual Support (weather descriptions only)</summary>
    </key>
    <key type="b" name="use-system-icons">
      <default>true</default>
      <summary>System Icons</summary>
    </key>
    <key type="b" name="show-text-in-panel">
      <default>true</default>
      <summary>True to show temperature in the panel</summary>
    </key>
    <key type="b" name="show-comment-in-panel">
      <default>false</default>
      <summary>True to show conditions in the panel.</summary>
    </key>
    <key type="b" name="disable-forecast">
      <default>false</default>
      <summary>Disable Forecast</summary>
    </key>
    <key type="b" name="show-comment-in-forecast">
      <default>true</default>
      <summary>Conditions in Forecast</summary>
    </key>
    <key name="position-in-panel" enum="org.gnome.shell.extensions.openweatherrefined.position">
      <default>'right'</default>
      <summary>Position in Panel</summary>
    </key>
    <key type="i" name="position-index">
      <default>0</default>
      <summary>Position in Panel</summary>
    </key>
    <key name="menu-alignment" type="d">
      <default>75.0</default>
      <summary>Horizontal position of menu-box.</summary>
    </key>
    <key type="i" name="refresh-interval-current">
      <default>600</default>
      <summary>Refresh interval (actual weather)</summary>
    </key>
    <key type="i" name="location-text-length">
      <default>0</default>
      <summary>Maximum length of the location text</summary>
    </key>
    <key type="i" name="refresh-interval-forecast">
      <default>3600</default>
      <summary>Refresh interval (forecast)</summary>
    </key>
    <key type="b" name="center-forecast">
      <default>true</default>
      <summary>Center forecastbox.</summary>
    </key>
    <key type="b" name="expand-forecast">
      <default>false</default>
      <summary>Always keep forecast expanded</summary>
    </key>
    <key type="i" name="days-forecast">
      <default>2</default>
      <summary>Number of days in forecast</summary>
    </key>
    <key type="i" name="decimal-places">
      <default>0</default>
      <summary>Maximum number of digits after the decimal point for temperature</summary>
    </key>
    <key type="i" name="pressure-decimal-places">
      <default>-2</default>
      <summary>Maximum number of digits after the decimal point for pressure</summary>
    </key>
    <key type="i" name="speed-decimal-places">
      <default>-1</default>
      <summary>Maximum number of digits after the decimal point for wind speed</summary>
    </key>
    <!-- DEPRECATED. Use 'custom-keys' instead. -->
    <key type="s" name="appid">
      <default>''</default>
      <summary>DEPRECATED. Your personal API key from openweathermap.org</summary>
    </key>
    <!-- DEPRECATED. Use 'custom-keys' instead. -->
    <key type="s" name="weatherapidotcom-key">
      <default>''</default>
      <summary>DEPRECATED. Your personal API key from WeatherAPI.com</summary>
    </key>
    <!-- DEPRECATED. Use 'custom-keys' instead. -->
    <key type="b" name="use-default-owm-key">
      <default>true</default>
      <summary>DEPRECATED. Use the extensions default API key from openweathermap.org</summary>
    </key>
    <!-- DEPRECATED. Use 'custom-keys' instead. -->
    <key type="b" name="use-default-weatherapidotcom-key">
      <default>true</default>
      <summary>DEPRECATED. Use the extensions default API key from WeatherAPI.com</summary>
    </key>
    <key type="s" name="geolocation-appid-mapquest">
      <default>''</default>
      <summary>Your personal AppKey from developer.mapquest.com</summary>
    </key>
    <key name="clock-format" enum="org.gnome.shell.extensions.openweatherrefined.clock-format">
      <default>'system'</default>
      <summary>Time format for hours. Possible values are '24hr' for 24-hour clock, '12hr' for AM/PM, and 'system' to follow the GNOME setting.</summary>
    </key>
    <key type="i" name="delay-ext-init">
      <default>0</default>
      <summary>Seconds to delay popup initialization and data fetch on the first load</summary>
    </key>
    <key type="i" name="prefs-default-width">
      <default>700</default>
      <summary>Default width for the preferences window</summary>
    </key>
    <key type="i" name="prefs-default-height">
      <default>600</default>
      <summary>Default height for the preferences window</summary>
    </key>
    <key name="hi-contrast" enum="org.gnome.shell.extensions.openweatherrefined.hi-contrast">
      <default>'none'</default>
      <summary>High contrast style to use, possible values are 'none', 'white', or 'black'.</summary>
    </key>
    <key type="b" name="show-sunsetrise-in-panel">
      <default>false</default>
      <summary>True to show the sunset/sunrise in the panel.</summary>
    </key>
    <key type="b" name="sun-in-panel-first">
      <default>false</default>
      <summary>True to show the sunset/sunrise in the panel before the temperature/conditions if enabled.</summary>
    </key>
    <key type="b" name="has-run">
      <default>false</default>
      <summary>False if this extension has never been initialized before.</summary>
    </key>
    <key type="d" name="loc-refresh-interval">
      <default>60.0</default>
      <summary>How often, in minutes, to re-fetch My Location if selected.</summary>
    </key>
    <key type="b" name="simplify-degrees">
      <default>true</default>
      <summary>True to cut off the "F" or "C" after the degree symbol.</summary>
    </key>
    <key type="b" name="frozen">
      <default>false</default>
      <summary>Freezes the settings changed listener; user should not change this.</summary>
    </key>
    <!-- locs: [ ( NameType, Name, LocType, LocInfo ), ... ] -->
    <key type="a(usus)" name="locs">
      <default>[ (1, '', 1, '') ]</default>
      <summary>List of locations.</summary>
    </key>
    <key name="my-loc-prov" enum="org.gnome.shell.extensions.openweatherrefined.my-loc-prov">
      <default>'geoclue'</default>
      <summary>Provider to use for "My Location."</summary>
    </key>
    <key type="s" name="last-init-error">
      <default>''</default>
      <summary>Empty or the last initialization error message.</summary>
    </key>
    <key type="as" name="custom-keys">
      <default>[ '', '', '' ]</default>
      <summary>Custom keys for weather providers.</summary>
    </key>
    <key type="b" name="precip-starts-notif">
      <default>false</default>
      <summary>Get a notification when precipitation starts.</summary>
    </key>
  </schema>
</schemalist>
