<!DOCTYPE node PUBLIC "-//freedesktop//DTD D-BUS Object Introspection 1.0//EN"
"http://www.freedesktop.org/standards/dbus/1.0/introspect.dtd">
<node>
  <interface name="org.freedesktop.DBus">
    <method name="ListNames">
      <arg direction="out" type="as"/>
    </method>
    <signal name="NameOwnerChanged">
      <arg type="s"/>
      <arg type="s"/>
      <arg type="s"/>
    </signal>
    <signal name="NameLost">
      <arg type="s"/>
    </signal>
    <signal name="NameAcquired">
      <arg type="s"/>
    </signal>
  </interface>
</node>
