{
  "_generated": "Generated by SweetTooth, do not edit",
  "description": "Displays internet upload speed, download speed, bandwidth, data usage. \n\n visit github page for instructions, suggestions and feature requests. \n\n ERROR while updating extension ? restart your system or reload gnome shell.",
  "gettext-domain": "network-stats",
  "name": "Network Stats",
  "settings-schema": "org.gnome.shell.extensions.network-stats",
  "shell-version": [
    "45",
    "46",
    "47",
    "48"
  ],
  "url": "https://github.com/noroadsleft000/gnome-network-stats",
  "uuid": "network-stats@gnome.noroadsleft.xyz",
  "version": 27
}